Application ID,Submitted Date,Month,Loan Type,Applicant Segment,Branch,Loan Amount CAD,Total Process Hours,Value Added Hours,Non Value Added Hours,Value Added %,Non Value Added %,Total Business Days,On Time (5 day target),Has Delay,Primary Delay Reason,Decision,Applicant Segment Detail
APP10266,2024-01-02,2024-01,Personal Loan,Salaried Employee,Toronto Downtown,21728,90.4,49.8,40.6,55.1,44.9,11.3,No,Yes,Missing income verification,Referred,Salaried Employee
APP10216,2024-01-04,2024-01,Personal Loan,Salaried Employee,Ottawa,133364,167.8,69.8,98.0,41.6,58.4,21.0,No,No,None,Declined,Salaried Employee
APP10279,2024-01-06,2024-01,Personal Loan,Salaried Employee,Ottawa,64217,152.1,63.8,88.3,41.9,58.1,19.0,No,Yes,Manager out of office,Approved,Salaried Employee
APP10069,2024-01-08,2024-01,Personal Loan,Self Employed,Mississauga,70347,169.0,82.1,86.9,48.6,51.4,21.1,No,Yes,Additional verification required,Approved,Self Employed
APP10203,2024-01-09,2024-01,Home Equity Loan,Salaried Employee,Calgary,14546,128.4,43.0,85.4,33.5,66.5,16.1,No,No,None,Approved,Salaried Employee
APP10169,2024-01-12,2024-01,Personal Loan,Salaried Employee,Vancouver,9249,92.7,37.2,55.5,40.1,59.9,11.6,No,No,None,Approved,Salaried Employee
APP10101,2024-01-13,2024-01,Auto Loan,Contract Worker,Vancouver,40898,255.0,87.1,167.9,34.2,65.8,31.9,No,Yes,Additional verification required,Approved,Contract Worker
APP10063,2024-01-15,2024-01,Home Equity Loan,Retired,Mississauga,121053,157.1,43.5,113.6,27.7,72.3,19.6,No,Yes,Incomplete documentation from applicant,Approved,Retired
APP10038,2024-01-16,2024-01,Home Equity Loan,Salaried Employee,Mississauga,44785,82.1,32.8,49.3,40.0,60.0,10.3,No,No,None,Approved,Salaried Employee
APP10215,2024-01-17,2024-01,Line of Credit,Salaried Employee,Mississauga,29646,84.0,56.4,27.6,67.1,32.9,10.5,No,No,None,Approved,Salaried Employee
APP10068,2024-01-18,2024-01,Line of Credit,Salaried Employee,Ottawa,5083,142.8,63.0,79.8,44.1,55.9,17.9,No,No,None,Declined,Salaried Employee
APP10217,2024-01-21,2024-01,Personal Loan,Salaried Employee,Mississauga,124377,108.6,54.8,53.8,50.5,49.5,13.6,No,No,None,Referred,Salaried Employee
APP10168,2024-01-22,2024-01,Personal Loan,Salaried Employee,Ottawa,121388,66.3,28.3,38.0,42.7,57.3,8.3,No,No,None,Approved,Salaried Employee
APP10198,2024-01-22,2024-01,Personal Loan,Contract Worker,Ottawa,104700,107.7,64.3,43.4,59.7,40.3,13.5,No,No,None,Approved,Contract Worker
APP10262,2024-01-22,2024-01,Home Equity Loan,Salaried Employee,Vancouver,37282,111.8,34.7,77.1,31.0,69.0,14.0,No,No,None,Referred,Salaried Employee
APP10243,2024-01-24,2024-01,Line of Credit,Salaried Employee,Calgary,29664,138.7,61.8,76.9,44.6,55.4,17.3,No,No,None,Declined,Salaried Employee
APP10045,2024-01-25,2024-01,Line of Credit,Self Employed,Toronto Downtown,141791,148.4,112.3,36.1,75.7,24.3,18.6,No,No,None,Approved,Self Employed
APP10107,2024-01-25,2024-01,Home Equity Loan,Self Employed,Toronto Downtown,88616,188.4,77.0,111.4,40.9,59.1,23.5,No,No,None,Declined,Self Employed
APP10009,2024-01-30,2024-01,Auto Loan,Salaried Employee,Vancouver,12741,151.8,46.6,105.2,30.7,69.3,19.0,No,No,None,Declined,Salaried Employee
APP10018,2024-02-01,2024-02,Personal Loan,Salaried Employee,Vancouver,7807,161.0,73.1,87.9,45.4,54.6,20.1,No,No,None,Approved,Salaried Employee
APP10057,2024-02-02,2024-02,Line of Credit,Salaried Employee,Ottawa,6992,211.0,46.2,164.8,21.9,78.1,26.4,No,Yes,Third party data delay,Approved,Salaried Employee
APP10164,2024-02-03,2024-02,Auto Loan,Self Employed,Ottawa,134503,151.6,41.9,109.7,27.6,72.4,19.0,No,No,None,Referred,Self Employed
APP10232,2024-02-06,2024-02,Auto Loan,Salaried Employee,Toronto Downtown,39847,105.2,32.2,73.0,30.6,69.4,13.2,No,No,None,Declined,Salaried Employee
APP10122,2024-02-08,2024-02,Home Equity Loan,Self Employed,Vancouver,20822,119.6,89.8,29.8,75.1,24.9,14.9,No,No,None,Declined,Self Employed
APP10043,2024-02-09,2024-02,Home Equity Loan,Self Employed,Calgary,49299,184.9,131.9,53.0,71.3,28.7,23.1,No,No,None,Approved,Self Employed
APP10235,2024-02-10,2024-02,Auto Loan,Contract Worker,Vancouver,6497,100.4,76.2,24.2,75.9,24.1,12.6,No,No,None,Approved,Contract Worker
APP10103,2024-02-13,2024-02,Line of Credit,Salaried Employee,Ottawa,9094,117.5,54.4,63.1,46.3,53.7,14.7,No,No,None,Approved,Salaried Employee
APP10062,2024-02-14,2024-02,Personal Loan,Retired,Vancouver,40343,129.8,55.0,74.8,42.4,57.6,16.2,No,No,None,Approved,Retired
APP10016,2024-02-16,2024-02,Home Equity Loan,Self Employed,Mississauga,95745,239.8,69.3,170.5,28.9,71.1,30.0,No,Yes,Incomplete documentation from applicant,Approved,Self Employed
APP10088,2024-02-16,2024-02,Home Equity Loan,Salaried Employee,Toronto Downtown,19179,95.7,55.0,40.7,57.5,42.5,12.0,No,Yes,Missing income verification,Approved,Salaried Employee
APP10252,2024-02-16,2024-02,Personal Loan,Self Employed,Mississauga,6388,105.4,32.1,73.3,30.5,69.5,13.2,No,No,None,Approved,Self Employed
APP10001,2024-02-17,2024-02,Line of Credit,Salaried Employee,Ottawa,6305,122.6,72.3,50.3,59.0,41.0,15.3,No,Yes,Analyst queue backlog,Approved,Salaried Employee
APP10275,2024-02-17,2024-02,Home Equity Loan,Salaried Employee,Mississauga,44571,85.7,70.4,15.3,82.1,17.9,10.7,No,No,None,Declined,Salaried Employee
APP10280,2024-02-18,2024-02,Home Equity Loan,Salaried Employee,Calgary,9438,207.4,40.1,167.3,19.3,80.7,25.9,No,Yes,Manager out of office,Approved,Salaried Employee
APP10152,2024-02-23,2024-02,Personal Loan,Retired,Ottawa,13884,113.6,45.1,68.5,39.7,60.3,14.2,No,No,None,Approved,Retired
APP10067,2024-02-28,2024-02,Line of Credit,Salaried Employee,Toronto Downtown,113142,124.0,47.7,76.3,38.5,61.5,15.5,No,Yes,Manager out of office,Approved,Salaried Employee
APP10075,2024-02-28,2024-02,Home Equity Loan,Contract Worker,Ottawa,83085,185.4,125.1,60.3,67.5,32.5,23.2,No,No,None,Approved,Contract Worker
APP10206,2024-03-01,2024-03,Personal Loan,Retired,Calgary,13947,229.7,31.2,198.5,13.6,86.4,28.7,No,Yes,System downtime,Referred,Retired
APP10051,2024-03-02,2024-03,Personal Loan,Retired,Calgary,21452,93.9,32.5,61.4,34.6,65.4,11.7,No,No,None,Approved,Retired
APP10093,2024-03-03,2024-03,Home Equity Loan,Self Employed,Mississauga,104815,130.1,74.0,56.1,56.9,43.1,16.3,No,Yes,Analyst queue backlog,Declined,Self Employed
APP10126,2024-03-03,2024-03,Home Equity Loan,Salaried Employee,Toronto Downtown,93863,118.6,49.7,68.9,41.9,58.1,14.8,No,No,None,Approved,Salaried Employee
APP10098,2024-03-06,2024-03,Line of Credit,Salaried Employee,Toronto Downtown,21588,156.3,60.8,95.5,38.9,61.1,19.5,No,No,None,Approved,Salaried Employee
APP10253,2024-03-06,2024-03,Personal Loan,Salaried Employee,Vancouver,22162,72.4,39.0,33.4,53.9,46.1,9.1,No,No,None,Declined,Salaried Employee
APP10157,2024-03-07,2024-03,Home Equity Loan,Self Employed,Toronto Downtown,18270,145.9,98.1,47.8,67.2,32.8,18.2,No,No,None,Declined,Self Employed
APP10276,2024-03-08,2024-03,Personal Loan,Self Employed,Vancouver,48031,185.0,100.1,84.9,54.1,45.9,23.1,No,No,None,Approved,Self Employed
APP10241,2024-03-10,2024-03,Home Equity Loan,Salaried Employee,Toronto Downtown,26993,171.6,42.0,129.6,24.5,75.5,21.4,No,Yes,Additional verification required,Approved,Salaried Employee
APP10091,2024-03-11,2024-03,Personal Loan,Salaried Employee,Toronto Downtown,6883,137.7,53.8,83.9,39.1,60.9,17.2,No,No,None,Approved,Salaried Employee
APP10208,2024-03-12,2024-03,Personal Loan,Salaried Employee,Calgary,99704,142.6,63.9,78.7,44.8,55.2,17.8,No,No,None,Approved,Salaried Employee
APP10230,2024-03-12,2024-03,Personal Loan,Salaried Employee,Toronto Downtown,57147,157.5,45.7,111.8,29.0,71.0,19.7,No,Yes,Manager out of office,Approved,Salaried Employee
APP10073,2024-03-14,2024-03,Home Equity Loan,Retired,Mississauga,7901,160.9,48.4,112.5,30.1,69.9,20.1,No,No,None,Approved,Retired
APP10213,2024-03-15,2024-03,Personal Loan,Self Employed,Toronto Downtown,58602,127.9,96.9,31.0,75.8,24.2,16.0,No,No,None,Approved,Self Employed
APP10025,2024-03-16,2024-03,Personal Loan,Self Employed,Vancouver,116367,145.1,114.6,30.5,79.0,21.0,18.1,No,Yes,Analyst queue backlog,Approved,Self Employed
APP10294,2024-03-18,2024-03,Home Equity Loan,Salaried Employee,Vancouver,11117,148.2,52.3,95.9,35.3,64.7,18.5,No,No,None,Referred,Salaried Employee
APP10238,2024-03-19,2024-03,Line of Credit,Salaried Employee,Mississauga,132175,139.8,65.2,74.6,46.6,53.4,17.5,No,No,None,Approved,Salaried Employee
APP10141,2024-03-20,2024-03,Line of Credit,Self Employed,Ottawa,86789,196.6,47.6,149.0,24.2,75.8,24.6,No,Yes,Missing income verification,Approved,Self Employed
APP10105,2024-03-21,2024-03,Personal Loan,Self Employed,Vancouver,8351,139.0,63.3,75.7,45.5,54.5,17.4,No,No,None,Approved,Self Employed
APP10268,2024-03-23,2024-03,Personal Loan,Self Employed,Ottawa,14976,154.3,61.2,93.1,39.7,60.3,19.3,No,No,None,Approved,Self Employed
APP10092,2024-03-24,2024-03,Personal Loan,Retired,Toronto Downtown,20861,79.4,30.2,49.2,38.0,62.0,9.9,No,Yes,Analyst queue backlog,Approved,Retired
APP10175,2024-03-24,2024-03,Auto Loan,Retired,Mississauga,18136,153.5,72.1,81.4,47.0,53.0,19.2,No,Yes,Third party data delay,Approved,Retired
APP10248,2024-03-24,2024-03,Home Equity Loan,Retired,Toronto Downtown,13638,110.9,41.1,69.8,37.1,62.9,13.9,No,No,None,Declined,Retired
APP10110,2024-03-29,2024-03,Line of Credit,Self Employed,Ottawa,12615,272.3,56.6,215.7,20.8,79.2,34.0,No,Yes,Third party data delay,Approved,Self Employed
APP10237,2024-03-29,2024-03,Personal Loan,Salaried Employee,Calgary,31673,86.6,60.9,25.7,70.3,29.7,10.8,No,No,None,Approved,Salaried Employee
APP10085,2024-03-31,2024-03,Home Equity Loan,Self Employed,Mississauga,89799,166.8,74.5,92.3,44.7,55.3,20.9,No,No,None,Approved,Self Employed
APP10210,2024-03-31,2024-03,Personal Loan,Salaried Employee,Vancouver,27492,144.9,47.8,97.1,33.0,67.0,18.1,No,No,None,Approved,Salaried Employee
APP10015,2024-04-01,2024-04,Personal Loan,Self Employed,Vancouver,11080,141.9,46.0,95.9,32.4,67.6,17.7,No,No,None,Declined,Self Employed
APP10133,2024-04-03,2024-04,Personal Loan,Salaried Employee,Ottawa,24804,93.9,41.3,52.6,44.0,56.0,11.7,No,No,None,Approved,Salaried Employee
APP10251,2024-04-04,2024-04,Auto Loan,Retired,Mississauga,14682,156.0,68.3,87.7,43.8,56.2,19.5,No,No,None,Approved,Retired
APP10040,2024-04-05,2024-04,Auto Loan,Salaried Employee,Toronto Downtown,80009,152.2,60.0,92.2,39.4,60.6,19.0,No,No,None,Approved,Salaried Employee
APP10165,2024-04-05,2024-04,Personal Loan,Retired,Mississauga,114383,96.3,52.3,44.0,54.3,45.7,12.0,No,No,None,Approved,Retired
APP10116,2024-04-07,2024-04,Personal Loan,Self Employed,Calgary,21734,212.4,129.0,83.4,60.7,39.3,26.6,No,Yes,System downtime,Approved,Self Employed
APP10150,2024-04-07,2024-04,Auto Loan,Self Employed,Vancouver,141773,214.3,43.9,170.4,20.5,79.5,26.8,No,Yes,Manager out of office,Declined,Self Employed
APP10258,2024-04-07,2024-04,Auto Loan,Self Employed,Toronto Downtown,38405,213.3,115.5,97.8,54.1,45.9,26.7,No,No,None,Declined,Self Employed
APP10234,2024-04-10,2024-04,Line of Credit,Salaried Employee,Mississauga,12268,225.4,54.1,171.3,24.0,76.0,28.2,No,Yes,Incomplete documentation from applicant,Approved,Salaried Employee
APP10270,2024-04-13,2024-04,Line of Credit,Retired,Calgary,113481,186.4,52.7,133.7,28.3,71.7,23.3,No,Yes,Incomplete documentation from applicant,Approved,Retired
APP10196,2024-04-14,2024-04,Auto Loan,Self Employed,Vancouver,6736,191.6,74.7,116.9,39.0,61.0,23.9,No,No,None,Declined,Self Employed
APP10089,2024-04-15,2024-04,Line of Credit,Salaried Employee,Calgary,70068,147.3,56.9,90.4,38.6,61.4,18.4,No,Yes,System downtime,Approved,Salaried Employee
APP10002,2024-04-16,2024-04,Home Equity Loan,Salaried Employee,Toronto Downtown,41880,150.7,51.2,99.5,34.0,66.0,18.8,No,Yes,Incomplete documentation from applicant,Approved,Salaried Employee
APP10132,2024-04-16,2024-04,Auto Loan,Retired,Vancouver,8037,159.3,71.2,88.1,44.7,55.3,19.9,No,No,None,Approved,Retired
APP10095,2024-04-18,2024-04,Auto Loan,Salaried Employee,Vancouver,45794,120.4,52.3,68.1,43.4,56.6,15.1,No,Yes,Incomplete documentation from applicant,Approved,Salaried Employee
APP10207,2024-04-18,2024-04,Home Equity Loan,Salaried Employee,Toronto Downtown,52660,87.9,47.5,40.4,54.0,46.0,11.0,No,Yes,Manager out of office,Approved,Salaried Employee
APP10020,2024-04-19,2024-04,Auto Loan,Retired,Calgary,9527,153.9,56.6,97.3,36.8,63.2,19.2,No,No,None,Approved,Retired
APP10032,2024-04-19,2024-04,Personal Loan,Salaried Employee,Ottawa,47276,267.4,76.5,190.9,28.6,71.4,33.4,No,Yes,Manager out of office,Approved,Salaried Employee
APP10048,2024-04-19,2024-04,Personal Loan,Contract Worker,Calgary,15765,239.4,91.3,148.1,38.1,61.9,29.9,No,Yes,Missing income verification,Approved,Contract Worker
APP10059,2024-04-19,2024-04,Personal Loan,Retired,Toronto Downtown,47620,255.2,78.4,176.8,30.7,69.3,31.9,No,Yes,Manager out of office,Approved,Retired
APP10145,2024-04-19,2024-04,Line of Credit,Self Employed,Calgary,79499,157.5,81.2,76.3,51.6,48.4,19.7,No,No,None,Approved,Self Employed
APP10189,2024-04-20,2024-04,Home Equity Loan,Salaried Employee,Calgary,52387,171.9,59.5,112.4,34.6,65.4,21.5,No,Yes,Additional verification required,Approved,Salaried Employee
APP10029,2024-04-21,2024-04,Auto Loan,Salaried Employee,Toronto Downtown,37603,108.9,53.0,55.9,48.7,51.3,13.6,No,No,None,Declined,Salaried Employee
APP10081,2024-04-21,2024-04,Auto Loan,Self Employed,Mississauga,13337,219.4,127.1,92.3,57.9,42.1,27.4,No,No,None,Approved,Self Employed
APP10140,2024-04-21,2024-04,Personal Loan,Salaried Employee,Mississauga,135275,117.9,54.0,63.9,45.8,54.2,14.7,No,No,None,Approved,Salaried Employee
APP10205,2024-04-21,2024-04,Home Equity Loan,Salaried Employee,Vancouver,34405,139.9,31.2,108.7,22.3,77.7,17.5,No,Yes,Additional verification required,Approved,Salaried Employee
APP10006,2024-04-25,2024-04,Personal Loan,Salaried Employee,Vancouver,138209,221.9,36.8,185.1,16.6,83.4,27.7,No,Yes,Missing income verification,Approved,Salaried Employee
APP10109,2024-04-27,2024-04,Auto Loan,Salaried Employee,Mississauga,94129,264.8,41.0,223.8,15.5,84.5,33.1,No,Yes,Manager out of office,Approved,Salaried Employee
APP10255,2024-04-27,2024-04,Personal Loan,Retired,Vancouver,57288,170.3,69.6,100.7,40.9,59.1,21.3,No,No,None,Referred,Retired
APP10273,2024-04-27,2024-04,Personal Loan,Salaried Employee,Calgary,29682,163.4,72.1,91.3,44.1,55.9,20.4,No,No,None,Declined,Salaried Employee
APP10295,2024-04-27,2024-04,Auto Loan,Self Employed,Mississauga,130077,168.6,111.6,57.0,66.2,33.8,21.1,No,Yes,Incomplete documentation from applicant,Declined,Self Employed
APP10039,2024-04-28,2024-04,Auto Loan,Salaried Employee,Ottawa,72802,201.4,49.1,152.3,24.4,75.6,25.2,No,Yes,Manager out of office,Referred,Salaried Employee
APP10139,2024-04-28,2024-04,Home Equity Loan,Retired,Calgary,136978,86.2,42.2,44.0,49.0,51.0,10.8,No,No,None,Approved,Retired
APP10171,2024-04-28,2024-04,Personal Loan,Retired,Mississauga,25946,185.4,70.1,115.3,37.8,62.2,23.2,No,Yes,System downtime,Declined,Retired
APP10024,2024-04-29,2024-04,Home Equity Loan,Salaried Employee,Calgary,21201,70.4,45.4,25.0,64.5,35.5,8.8,No,No,None,Approved,Salaried Employee
APP10100,2024-04-29,2024-04,Line of Credit,Salaried Employee,Ottawa,8075,117.6,44.7,72.9,38.0,62.0,14.7,No,No,None,Approved,Salaried Employee
APP10146,2024-05-01,2024-05,Personal Loan,Salaried Employee,Vancouver,66457,151.2,39.1,112.1,25.9,74.1,18.9,No,Yes,Additional verification required,Referred,Salaried Employee
APP10112,2024-05-02,2024-05,Auto Loan,Retired,Vancouver,7501,186.6,59.2,127.4,31.7,68.3,23.3,No,Yes,Manager out of office,Approved,Retired
APP10242,2024-05-02,2024-05,Home Equity Loan,Salaried Employee,Ottawa,8432,98.5,38.3,60.2,38.9,61.1,12.3,No,No,None,Approved,Salaried Employee
APP10209,2024-05-04,2024-05,Personal Loan,Retired,Ottawa,37070,48.8,33.8,15.0,69.3,30.7,6.1,No,No,None,Approved,Retired
APP10190,2024-05-05,2024-05,Auto Loan,Retired,Mississauga,25878,173.3,66.3,107.0,38.3,61.7,21.7,No,Yes,Analyst queue backlog,Approved,Retired
APP10281,2024-05-06,2024-05,Line of Credit,Salaried Employee,Toronto Downtown,67854,104.8,37.3,67.5,35.6,64.4,13.1,No,Yes,Manager out of office,Approved,Salaried Employee
APP10004,2024-05-07,2024-05,Personal Loan,Salaried Employee,Ottawa,51342,167.8,51.5,116.3,30.7,69.3,21.0,No,Yes,Additional verification required,Approved,Salaried Employee
APP10072,2024-05-08,2024-05,Personal Loan,Retired,Calgary,33011,131.3,70.1,61.2,53.4,46.6,16.4,No,Yes,Incomplete documentation from applicant,Approved,Retired
APP10159,2024-05-09,2024-05,Line of Credit,Salaried Employee,Calgary,113293,212.2,61.0,151.2,28.7,71.3,26.5,No,Yes,Manager out of office,Approved,Salaried Employee
APP10170,2024-05-11,2024-05,Line of Credit,Salaried Employee,Toronto Downtown,5984,165.4,74.9,90.5,45.3,54.7,20.7,No,Yes,Manager out of office,Approved,Salaried Employee
APP10174,2024-05-12,2024-05,Auto Loan,Self Employed,Vancouver,9773,144.5,91.1,53.4,63.0,37.0,18.1,No,No,None,Approved,Self Employed
APP10058,2024-05-13,2024-05,Personal Loan,Salaried Employee,Vancouver,6684,235.2,79.2,156.0,33.7,66.3,29.4,No,Yes,Incomplete documentation from applicant,Approved,Salaried Employee
APP10264,2024-05-18,2024-05,Auto Loan,Contract Worker,Toronto Downtown,16579,259.0,74.4,184.6,28.7,71.3,32.4,No,Yes,Manager out of office,Approved,Contract Worker
APP10181,2024-05-19,2024-05,Home Equity Loan,Salaried Employee,Toronto Downtown,45187,73.7,52.7,21.0,71.5,28.5,9.2,No,No,None,Approved,Salaried Employee
APP10185,2024-05-20,2024-05,Personal Loan,Salaried Employee,Vancouver,46139,94.4,44.3,50.1,46.9,53.1,11.8,No,No,None,Approved,Salaried Employee
APP10154,2024-05-22,2024-05,Auto Loan,Self Employed,Toronto Downtown,7471,123.2,77.1,46.1,62.6,37.4,15.4,No,No,None,Approved,Self Employed
APP10147,2024-05-23,2024-05,Personal Loan,Salaried Employee,Ottawa,79066,160.5,67.1,93.4,41.8,58.2,20.1,No,No,None,Declined,Salaried Employee
APP10111,2024-05-24,2024-05,Home Equity Loan,Retired,Ottawa,77048,148.9,31.1,117.8,20.9,79.1,18.6,No,Yes,Analyst queue backlog,Referred,Retired
APP10194,2024-05-24,2024-05,Personal Loan,Retired,Mississauga,47941,91.5,57.8,33.7,63.2,36.8,11.4,No,No,None,Approved,Retired
APP10184,2024-05-25,2024-05,Personal Loan,Salaried Employee,Toronto Downtown,42875,127.4,58.4,69.0,45.8,54.2,15.9,No,No,None,Approved,Salaried Employee
APP10256,2024-05-25,2024-05,Home Equity Loan,Salaried Employee,Ottawa,90804,175.9,59.8,116.1,34.0,66.0,22.0,No,No,None,Approved,Salaried Employee
APP10286,2024-05-26,2024-05,Line of Credit,Self Employed,Toronto Downtown,30786,157.2,53.8,103.4,34.2,65.8,19.6,No,No,None,Approved,Self Employed
APP10010,2024-05-27,2024-05,Auto Loan,Salaried Employee,Ottawa,7326,128.5,49.4,79.1,38.4,61.6,16.1,No,No,None,Referred,Salaried Employee
APP10113,2024-05-27,2024-05,Personal Loan,Retired,Toronto Downtown,35961,222.2,32.8,189.4,14.8,85.2,27.8,No,Yes,Missing income verification,Approved,Retired
APP10247,2024-05-29,2024-05,Auto Loan,Salaried Employee,Ottawa,98757,121.9,75.3,46.6,61.8,38.2,15.2,No,No,None,Declined,Salaried Employee
APP10197,2024-05-30,2024-05,Auto Loan,Contract Worker,Ottawa,5279,180.6,98.9,81.7,54.8,45.2,22.6,No,No,None,Referred,Contract Worker
APP10202,2024-05-31,2024-05,Personal Loan,Retired,Mississauga,26404,134.8,33.4,101.4,24.8,75.2,16.9,No,Yes,Incomplete documentation from applicant,Approved,Retired
APP10236,2024-06-01,2024-06,Home Equity Loan,Retired,Mississauga,30935,103.7,54.1,49.6,52.2,47.8,13.0,No,No,None,Approved,Retired
APP10148,2024-06-03,2024-06,Auto Loan,Self Employed,Ottawa,14123,151.7,114.3,37.4,75.3,24.7,19.0,No,No,None,Approved,Self Employed
APP10288,2024-06-03,2024-06,Personal Loan,Salaried Employee,Ottawa,30125,115.7,32.9,82.8,28.4,71.6,14.5,No,No,None,Referred,Salaried Employee
APP10108,2024-06-06,2024-06,Auto Loan,Self Employed,Toronto Downtown,6694,132.6,105.2,27.4,79.3,20.7,16.6,No,Yes,Missing income verification,Approved,Self Employed
APP10114,2024-06-06,2024-06,Line of Credit,Salaried Employee,Mississauga,71083,153.4,45.3,108.1,29.5,70.5,19.2,No,No,None,Approved,Salaried Employee
APP10246,2024-06-07,2024-06,Home Equity Loan,Salaried Employee,Ottawa,11269,235.1,40.7,194.4,17.3,82.7,29.4,No,Yes,Additional verification required,Approved,Salaried Employee
APP10278,2024-06-10,2024-06,Personal Loan,Retired,Mississauga,8152,183.9,61.4,122.5,33.4,66.6,23.0,No,Yes,System downtime,Approved,Retired
APP10012,2024-06-11,2024-06,Personal Loan,Salaried Employee,Calgary,17659,123.0,56.9,66.1,46.3,53.7,15.4,No,No,None,Declined,Salaried Employee
APP10182,2024-06-11,2024-06,Line of Credit,Salaried Employee,Vancouver,36696,145.0,30.7,114.3,21.2,78.8,18.1,No,Yes,Manager out of office,Approved,Salaried Employee
APP10047,2024-06-14,2024-06,Home Equity Loan,Self Employed,Ottawa,34730,139.6,65.9,73.7,47.2,52.8,17.4,No,Yes,System downtime,Approved,Self Employed
APP10259,2024-06-14,2024-06,Personal Loan,Salaried Employee,Toronto Downtown,143021,118.7,60.6,58.1,51.1,48.9,14.8,No,No,None,Approved,Salaried Employee
APP10211,2024-06-17,2024-06,Line of Credit,Salaried Employee,Toronto Downtown,14779,116.6,35.4,81.2,30.4,69.6,14.6,No,No,None,Declined,Salaried Employee
APP10134,2024-06-18,2024-06,Personal Loan,Self Employed,Mississauga,101532,201.0,99.6,101.4,49.6,50.4,25.1,No,No,None,Approved,Self Employed
APP10078,2024-06-19,2024-06,Home Equity Loan,Salaried Employee,Vancouver,20067,83.9,36.2,47.7,43.1,56.9,10.5,No,Yes,Incomplete documentation from applicant,Approved,Salaried Employee
APP10245,2024-06-19,2024-06,Home Equity Loan,Contract Worker,Toronto Downtown,7171,117.6,44.5,73.1,37.8,62.2,14.7,No,No,None,Referred,Contract Worker
APP10008,2024-06-20,2024-06,Line of Credit,Salaried Employee,Toronto Downtown,36310,121.9,38.6,83.3,31.7,68.3,15.2,No,Yes,Analyst queue backlog,Declined,Salaried Employee
APP10019,2024-06-20,2024-06,Personal Loan,Contract Worker,Vancouver,37168,146.6,89.0,57.6,60.7,39.3,18.3,No,No,None,Referred,Contract Worker
APP10299,2024-06-20,2024-06,Personal Loan,Contract Worker,Calgary,12916,144.7,55.6,89.1,38.4,61.6,18.1,No,No,None,Approved,Contract Worker
APP10123,2024-06-21,2024-06,Personal Loan,Salaried Employee,Toronto Downtown,77093,104.8,76.6,28.2,73.1,26.9,13.1,No,No,None,Approved,Salaried Employee
APP10115,2024-06-22,2024-06,Home Equity Loan,Salaried Employee,Calgary,32247,158.5,46.8,111.7,29.5,70.5,19.8,No,Yes,Missing income verification,Declined,Salaried Employee
APP10013,2024-06-27,2024-06,Personal Loan,Salaried Employee,Mississauga,92861,138.7,79.5,59.2,57.3,42.7,17.3,No,No,None,Approved,Salaried Employee
APP10204,2024-06-27,2024-06,Personal Loan,Salaried Employee,Vancouver,98471,97.8,44.8,53.0,45.8,54.2,12.2,No,No,None,Approved,Salaried Employee
APP10218,2024-06-27,2024-06,Personal Loan,Salaried Employee,Toronto Downtown,12519,197.0,42.1,154.9,21.4,78.6,24.6,No,Yes,Manager out of office,Approved,Salaried Employee
APP10124,2024-06-28,2024-06,Auto Loan,Salaried Employee,Ottawa,43418,230.5,43.8,186.7,19.0,81.0,28.8,No,Yes,Additional verification required,Approved,Salaried Employee
APP10176,2024-06-29,2024-06,Line of Credit,Salaried Employee,Calgary,29448,157.9,51.2,106.7,32.4,67.6,19.7,No,Yes,Missing income verification,Approved,Salaried Employee
APP10033,2024-06-30,2024-06,Home Equity Loan,Salaried Employee,Toronto Downtown,33175,204.4,42.2,162.2,20.6,79.4,25.5,No,Yes,Incomplete documentation from applicant,Approved,Salaried Employee
APP10180,2024-06-30,2024-06,Home Equity Loan,Contract Worker,Vancouver,31664,108.4,54.4,54.0,50.2,49.8,13.6,No,No,None,Declined,Contract Worker
APP10192,2024-06-30,2024-06,Home Equity Loan,Salaried Employee,Ottawa,111780,224.6,51.9,172.7,23.1,76.9,28.1,No,Yes,Incomplete documentation from applicant,Approved,Salaried Employee
APP10224,2024-07-01,2024-07,Line of Credit,Retired,Calgary,5155,117.0,68.7,48.3,58.7,41.3,14.6,No,No,None,Declined,Retired
APP10021,2024-07-02,2024-07,Personal Loan,Salaried Employee,Ottawa,19988,128.2,44.3,83.9,34.6,65.4,16.0,No,No,None,Approved,Salaried Employee
APP10061,2024-07-02,2024-07,Auto Loan,Self Employed,Toronto Downtown,22996,187.0,115.2,71.8,61.6,38.4,23.4,No,No,None,Declined,Self Employed
APP10188,2024-07-04,2024-07,Home Equity Loan,Salaried Employee,Calgary,27142,142.2,66.1,76.1,46.5,53.5,17.8,No,No,None,Approved,Salaried Employee
APP10271,2024-07-04,2024-07,Auto Loan,Salaried Employee,Vancouver,6846,226.0,70.7,155.3,31.3,68.7,28.2,No,Yes,Incomplete documentation from applicant,Approved,Salaried Employee
APP10127,2024-07-06,2024-07,Auto Loan,Salaried Employee,Toronto Downtown,6832,121.8,51.2,70.6,42.0,58.0,15.2,No,No,None,Approved,Salaried Employee
APP10071,2024-07-07,2024-07,Home Equity Loan,Salaried Employee,Ottawa,11862,157.6,61.1,96.5,38.8,61.2,19.7,No,No,None,Declined,Salaried Employee
APP10014,2024-07-09,2024-07,Personal Loan,Salaried Employee,Toronto Downtown,108547,159.1,33.5,125.6,21.1,78.9,19.9,No,Yes,Third party data delay,Declined,Salaried Employee
APP10195,2024-07-12,2024-07,Personal Loan,Salaried Employee,Mississauga,6440,99.4,51.3,48.1,51.6,48.4,12.4,No,No,None,Approved,Salaried Employee
APP10050,2024-07-13,2024-07,Personal Loan,Retired,Toronto Downtown,22403,133.6,69.4,64.2,51.9,48.1,16.7,No,No,None,Approved,Retired
APP10052,2024-07-15,2024-07,Auto Loan,Salaried Employee,Calgary,28338,168.9,73.5,95.4,43.5,56.5,21.1,No,Yes,Missing income verification,Approved,Salaried Employee
APP10096,2024-07-15,2024-07,Home Equity Loan,Salaried Employee,Toronto Downtown,108077,120.6,32.3,88.3,26.8,73.2,15.1,No,Yes,Incomplete documentation from applicant,Approved,Salaried Employee
APP10173,2024-07-15,2024-07,Personal Loan,Self Employed,Toronto Downtown,89068,133.2,65.5,67.7,49.2,50.8,16.6,No,Yes,Missing income verification,Approved,Self Employed
APP10282,2024-07-15,2024-07,Home Equity Loan,Salaried Employee,Toronto Downtown,8296,99.6,33.3,66.3,33.4,66.6,12.5,No,No,None,Approved,Salaried Employee
APP10143,2024-07-19,2024-07,Personal Loan,Salaried Employee,Toronto Downtown,106618,95.6,50.4,45.2,52.7,47.3,12.0,No,No,None,Approved,Salaried Employee
APP10149,2024-07-19,2024-07,Home Equity Loan,Salaried Employee,Toronto Downtown,14201,91.7,41.5,50.2,45.3,54.7,11.5,No,No,None,Approved,Salaried Employee
APP10297,2024-07-20,2024-07,Home Equity Loan,Self Employed,Vancouver,108127,121.8,86.1,35.7,70.7,29.3,15.2,No,Yes,System downtime,Referred,Self Employed
APP10249,2024-07-21,2024-07,Personal Loan,Contract Worker,Calgary,119956,201.1,113.3,87.8,56.3,43.7,25.1,No,Yes,Missing income verification,Declined,Contract Worker
APP10144,2024-07-22,2024-07,Auto Loan,Salaried Employee,Vancouver,7924,83.8,51.2,32.6,61.1,38.9,10.5,No,No,None,Approved,Salaried Employee
APP10228,2024-07-22,2024-07,Personal Loan,Self Employed,Ottawa,52990,109.1,50.7,58.4,46.5,53.5,13.6,No,Yes,Analyst queue backlog,Approved,Self Employed
APP10137,2024-07-23,2024-07,Personal Loan,Retired,Ottawa,17950,105.0,41.6,63.4,39.6,60.4,13.1,No,No,None,Approved,Retired
APP10102,2024-07-25,2024-07,Personal Loan,Self Employed,Vancouver,51927,110.4,48.3,62.1,43.7,56.2,13.8,No,No,None,Approved,Self Employed
APP10151,2024-07-27,2024-07,Home Equity Loan,Retired,Vancouver,31786,131.7,44.2,87.5,33.6,66.4,16.5,No,Yes,System downtime,Approved,Retired
APP10199,2024-07-27,2024-07,Line of Credit,Self Employed,Mississauga,15602,170.6,86.1,84.5,50.5,49.5,21.3,No,No,None,Declined,Self Employed
APP10227,2024-07-28,2024-07,Home Equity Loan,Salaried Employee,Vancouver,27711,100.3,53.3,47.0,53.1,46.9,12.5,No,No,None,Approved,Salaried Employee
APP10291,2024-07-28,2024-07,Personal Loan,Self Employed,Vancouver,25117,203.6,54.9,148.7,27.0,73.0,25.5,No,Yes,Incomplete documentation from applicant,Approved,Self Employed
APP10044,2024-07-29,2024-07,Personal Loan,Salaried Employee,Vancouver,12899,156.7,54.6,102.1,34.8,65.2,19.6,No,No,None,Declined,Salaried Employee
APP10097,2024-07-30,2024-07,Auto Loan,Salaried Employee,Toronto Downtown,6951,131.1,64.4,66.7,49.1,50.9,16.4,No,No,None,Approved,Salaried Employee
APP10121,2024-07-30,2024-07,Auto Loan,Contract Worker,Calgary,67796,147.2,72.9,74.3,49.5,50.5,18.4,No,No,None,Declined,Contract Worker
APP10128,2024-07-31,2024-07,Personal Loan,Self Employed,Vancouver,24056,197.7,86.8,110.9,43.9,56.1,24.7,No,Yes,System downtime,Approved,Self Employed
APP10272,2024-07-31,2024-07,Home Equity Loan,Salaried Employee,Calgary,14189,164.1,65.0,99.1,39.6,60.4,20.5,No,Yes,Incomplete documentation from applicant,Declined,Salaried Employee
APP10022,2024-08-01,2024-08,Personal Loan,Self Employed,Vancouver,11287,194.7,85.2,109.5,43.8,56.2,24.3,No,Yes,Analyst queue backlog,Referred,Self Employed
APP10163,2024-08-03,2024-08,Personal Loan,Self Employed,Vancouver,55832,240.9,135.5,105.4,56.2,43.8,30.1,No,Yes,Missing income verification,Approved,Self Employed
APP10300,2024-08-03,2024-08,Home Equity Loan,Salaried Employee,Mississauga,37708,116.3,76.2,40.1,65.5,34.5,14.5,No,Yes,Additional verification required,Declined,Salaried Employee
APP10155,2024-08-06,2024-08,Personal Loan,Salaried Employee,Mississauga,28150,141.6,64.1,77.5,45.3,54.7,17.7,No,Yes,Missing income verification,Approved,Salaried Employee
APP10183,2024-08-06,2024-08,Home Equity Loan,Retired,Vancouver,22082,189.6,53.2,136.4,28.1,71.9,23.7,No,Yes,Analyst queue backlog,Approved,Retired
APP10200,2024-08-06,2024-08,Personal Loan,Salaried Employee,Toronto Downtown,45911,137.2,82.7,54.5,60.3,39.7,17.1,No,No,None,Declined,Salaried Employee
APP10289,2024-08-06,2024-08,Personal Loan,Self Employed,Mississauga,20576,163.0,61.1,101.9,37.5,62.5,20.4,No,Yes,Additional verification required,Declined,Self Employed
APP10187,2024-08-07,2024-08,Personal Loan,Salaried Employee,Vancouver,31575,150.1,54.0,96.1,36.0,64.0,18.8,No,Yes,Analyst queue backlog,Declined,Salaried Employee
APP10090,2024-08-10,2024-08,Home Equity Loan,Contract Worker,Ottawa,9670,159.4,89.6,69.8,56.2,43.8,19.9,No,No,None,Approved,Contract Worker
APP10153,2024-08-13,2024-08,Auto Loan,Salaried Employee,Ottawa,25135,105.2,66.2,39.0,62.9,37.1,13.1,No,No,None,Approved,Salaried Employee
APP10239,2024-08-15,2024-08,Auto Loan,Retired,Calgary,12498,118.1,66.8,51.3,56.6,43.4,14.8,No,No,None,Approved,Retired
APP10191,2024-08-18,2024-08,Line of Credit,Contract Worker,Vancouver,72652,162.7,83.4,79.3,51.3,48.7,20.3,No,Yes,Missing income verification,Approved,Contract Worker
APP10003,2024-08-20,2024-08,Home Equity Loan,Salaried Employee,Ottawa,38285,165.4,52.0,113.4,31.4,68.6,20.7,No,Yes,Analyst queue backlog,Declined,Salaried Employee
APP10066,2024-08-22,2024-08,Personal Loan,Retired,Mississauga,13796,134.4,41.8,92.6,31.1,68.9,16.8,No,Yes,Third party data delay,Declined,Retired
APP10172,2024-08-22,2024-08,Auto Loan,Salaried Employee,Toronto Downtown,44772,130.5,62.5,68.0,47.9,52.1,16.3,No,Yes,Analyst queue backlog,Approved,Salaried Employee
APP10223,2024-08-22,2024-08,Personal Loan,Contract Worker,Mississauga,7712,158.4,81.5,76.9,51.5,48.5,19.8,No,Yes,Analyst queue backlog,Approved,Contract Worker
APP10177,2024-08-25,2024-08,Line of Credit,Salaried Employee,Calgary,28426,193.9,68.1,125.8,35.1,64.9,24.2,No,Yes,Incomplete documentation from applicant,Approved,Salaried Employee
APP10221,2024-08-25,2024-08,Personal Loan,Self Employed,Toronto Downtown,6770,180.1,97.4,82.7,54.1,45.9,22.5,No,No,None,Approved,Self Employed
APP10231,2024-08-25,2024-08,Personal Loan,Salaried Employee,Mississauga,10074,134.9,45.8,89.1,34.0,66.0,16.9,No,Yes,System downtime,Approved,Salaried Employee
APP10060,2024-08-28,2024-08,Personal Loan,Self Employed,Calgary,9589,158.4,92.7,65.7,58.5,41.5,19.8,No,No,None,Approved,Self Employed
APP10056,2024-08-29,2024-08,Personal Loan,Retired,Toronto Downtown,128661,111.7,34.0,77.7,30.4,69.6,14.0,No,Yes,Additional verification required,Approved,Retired
APP10277,2024-08-30,2024-08,Personal Loan,Retired,Calgary,43146,109.5,47.9,61.6,43.7,56.3,13.7,No,No,None,Declined,Retired
APP10083,2024-08-31,2024-08,Personal Loan,Self Employed,Toronto Downtown,115996,375.2,134.8,240.4,35.9,64.1,46.9,No,Yes,Third party data delay,Approved,Self Employed
APP10076,2024-09-04,2024-09,Personal Loan,Salaried Employee,Mississauga,22390,157.0,72.1,84.9,45.9,54.1,19.6,No,No,None,Approved,Salaried Employee
APP10158,2024-09-04,2024-09,Home Equity Loan,Retired,Ottawa,71661,169.7,54.2,115.5,31.9,68.1,21.2,No,Yes,Incomplete documentation from applicant,Referred,Retired
APP10260,2024-09-04,2024-09,Personal Loan,Salaried Employee,Toronto Downtown,28454,260.9,68.3,192.6,26.2,73.8,32.6,No,Yes,Incomplete documentation from applicant,Approved,Salaried Employee
APP10290,2024-09-04,2024-09,Home Equity Loan,Salaried Employee,Ottawa,22684,91.4,41.9,49.5,45.8,54.2,11.4,No,No,None,Referred,Salaried Employee
APP10261,2024-09-05,2024-09,Auto Loan,Salaried Employee,Ottawa,89855,78.7,37.0,41.7,47.0,53.0,9.8,No,No,None,Approved,Salaried Employee
APP10283,2024-09-06,2024-09,Home Equity Loan,Salaried Employee,Ottawa,6565,130.1,68.2,61.9,52.4,47.6,16.3,No,No,None,Approved,Salaried Employee
APP10129,2024-09-08,2024-09,Line of Credit,Salaried Employee,Vancouver,55529,108.4,38.7,69.7,35.7,64.3,13.6,No,No,None,Referred,Salaried Employee
APP10017,2024-09-10,2024-09,Personal Loan,Salaried Employee,Ottawa,6692,111.8,44.9,66.9,40.2,59.8,14.0,No,No,None,Approved,Salaried Employee
APP10094,2024-09-10,2024-09,Line of Credit,Salaried Employee,Ottawa,52502,205.8,53.9,151.9,26.2,73.8,25.7,No,Yes,Additional verification required,Approved,Salaried Employee
APP10120,2024-09-11,2024-09,Personal Loan,Salaried Employee,Calgary,31022,123.2,37.1,86.1,30.1,69.9,15.4,No,Yes,Manager out of office,Approved,Salaried Employee
APP10028,2024-09-14,2024-09,Home Equity Loan,Salaried Employee,Mississauga,45109,81.8,29.2,52.6,35.7,64.3,10.2,No,No,None,Declined,Salaried Employee
APP10031,2024-09-16,2024-09,Line of Credit,Retired,Calgary,33731,151.6,56.6,95.0,37.3,62.7,19.0,No,Yes,System downtime,Approved,Retired
APP10179,2024-09-19,2024-09,Personal Loan,Salaried Employee,Mississauga,121127,136.5,63.0,73.5,46.2,53.8,17.1,No,Yes,Manager out of office,Approved,Salaried Employee
APP10080,2024-09-20,2024-09,Line of Credit,Salaried Employee,Toronto Downtown,88016,205.8,73.2,132.6,35.6,64.4,25.7,No,Yes,Additional verification required,Approved,Salaried Employee
APP10233,2024-09-20,2024-09,Auto Loan,Salaried Employee,Toronto Downtown,7454,107.3,49.9,57.4,46.5,53.5,13.4,No,No,None,Approved,Salaried Employee
APP10250,2024-09-25,2024-09,Auto Loan,Contract Worker,Toronto Downtown,36802,195.3,38.1,157.2,19.5,80.5,24.4,No,Yes,Manager out of office,Approved,Contract Worker
APP10049,2024-09-26,2024-09,Auto Loan,Salaried Employee,Mississauga,9766,224.4,74.8,149.6,33.3,66.7,28.0,No,Yes,Incomplete documentation from applicant,Approved,Salaried Employee
APP10104,2024-09-26,2024-09,Home Equity Loan,Salaried Employee,Vancouver,31298,191.5,56.2,135.3,29.3,70.7,23.9,No,Yes,Analyst queue backlog,Referred,Salaried Employee
APP10077,2024-09-27,2024-09,Home Equity Loan,Salaried Employee,Mississauga,9342,138.7,47.9,90.8,34.5,65.5,17.3,No,No,None,Approved,Salaried Employee
APP10070,2024-09-28,2024-09,Personal Loan,Salaried Employee,Calgary,120494,144.9,62.4,82.5,43.1,56.9,18.1,No,No,None,Approved,Salaried Employee
APP10087,2024-09-29,2024-09,Home Equity Loan,Salaried Employee,Ottawa,45290,164.2,28.9,135.3,17.6,82.4,20.5,No,Yes,System downtime,Approved,Salaried Employee
APP10119,2024-09-29,2024-09,Personal Loan,Retired,Ottawa,6256,53.8,25.3,28.5,47.0,53.0,6.7,No,No,None,Approved,Retired
APP10046,2024-09-30,2024-09,Home Equity Loan,Retired,Ottawa,72883,214.1,57.8,156.3,27.0,73.0,26.8,No,Yes,Additional verification required,Approved,Retired
APP10212,2024-10-01,2024-10,Personal Loan,Salaried Employee,Ottawa,11737,219.1,66.9,152.2,30.5,69.5,27.4,No,Yes,Analyst queue backlog,Declined,Salaried Employee
APP10226,2024-10-04,2024-10,Auto Loan,Self Employed,Ottawa,85375,143.6,97.0,46.6,67.5,32.5,17.9,No,Yes,Incomplete documentation from applicant,Declined,Self Employed
APP10161,2024-10-06,2024-10,Personal Loan,Self Employed,Ottawa,82709,204.0,114.6,89.4,56.2,43.8,25.5,No,No,None,Approved,Self Employed
APP10007,2024-10-08,2024-10,Personal Loan,Salaried Employee,Toronto Downtown,10450,123.0,63.2,59.8,51.4,48.6,15.4,No,Yes,Additional verification required,Approved,Salaried Employee
APP10054,2024-10-08,2024-10,Line of Credit,Salaried Employee,Toronto Downtown,28184,160.9,76.4,84.5,47.5,52.5,20.1,No,No,None,Declined,Salaried Employee
APP10292,2024-10-08,2024-10,Line of Credit,Salaried Employee,Vancouver,7315,158.6,46.0,112.6,29.0,71.0,19.8,No,Yes,System downtime,Approved,Salaried Employee
APP10005,2024-10-09,2024-10,Personal Loan,Retired,Ottawa,6250,122.9,69.0,53.9,56.1,43.9,15.4,No,No,None,Approved,Retired
APP10193,2024-10-09,2024-10,Personal Loan,Salaried Employee,Calgary,36267,118.1,53.4,64.7,45.2,54.8,14.8,No,No,None,Approved,Salaried Employee
APP10178,2024-10-12,2024-10,Personal Loan,Self Employed,Mississauga,70681,127.4,72.0,55.4,56.5,43.5,15.9,No,No,None,Approved,Self Employed
APP10284,2024-10-12,2024-10,Personal Loan,Salaried Employee,Mississauga,29481,183.9,36.0,147.9,19.6,80.4,23.0,No,Yes,Manager out of office,Referred,Salaried Employee
APP10142,2024-10-13,2024-10,Home Equity Loan,Contract Worker,Calgary,28725,111.9,32.6,79.3,29.1,70.9,14.0,No,Yes,Third party data delay,Declined,Contract Worker
APP10265,2024-10-13,2024-10,Home Equity Loan,Contract Worker,Ottawa,16421,181.6,76.7,104.9,42.2,57.8,22.7,No,No,None,Approved,Contract Worker
APP10036,2024-10-14,2024-10,Home Equity Loan,Self Employed,Vancouver,139460,168.9,112.9,56.0,66.8,33.2,21.1,No,No,None,Approved,Self Employed
APP10034,2024-10-15,2024-10,Home Equity Loan,Contract Worker,Mississauga,14737,139.3,56.9,82.4,40.8,59.2,17.4,No,Yes,Incomplete documentation from applicant,Approved,Contract Worker
APP10035,2024-10-16,2024-10,Home Equity Loan,Self Employed,Ottawa,7200,135.8,39.5,96.3,29.1,70.9,17.0,No,Yes,Third party data delay,Declined,Self Employed
APP10214,2024-10-16,2024-10,Home Equity Loan,Salaried Employee,Calgary,57131,225.4,73.5,151.9,32.6,67.4,28.2,No,Yes,Additional verification required,Referred,Salaried Employee
APP10074,2024-10-17,2024-10,Personal Loan,Salaried Employee,Mississauga,116785,147.5,77.5,70.0,52.5,47.5,18.4,No,Yes,Manager out of office,Approved,Salaried Employee
APP10130,2024-10-17,2024-10,Personal Loan,Salaried Employee,Calgary,12149,110.1,45.4,64.7,41.2,58.8,13.8,No,No,None,Approved,Salaried Employee
APP10042,2024-10-20,2024-10,Home Equity Loan,Salaried Employee,Calgary,47791,102.3,52.1,50.2,50.9,49.1,12.8,No,No,None,Declined,Salaried Employee
APP10064,2024-10-21,2024-10,Personal Loan,Salaried Employee,Ottawa,17379,104.1,50.1,54.0,48.1,51.9,13.0,No,No,None,Referred,Salaried Employee
APP10254,2024-10-22,2024-10,Line of Credit,Contract Worker,Mississauga,9947,160.5,114.5,46.0,71.3,28.7,20.1,No,No,None,Declined,Contract Worker
APP10263,2024-10-28,2024-10,Personal Loan,Self Employed,Vancouver,8150,182.1,68.7,113.4,37.7,62.3,22.8,No,Yes,Third party data delay,Approved,Self Employed
APP10285,2024-10-29,2024-10,Line of Credit,Salaried Employee,Vancouver,73919,157.2,34.7,122.5,22.1,77.9,19.6,No,Yes,System downtime,Approved,Salaried Employee
APP10106,2024-10-30,2024-10,Personal Loan,Salaried Employee,Calgary,32859,114.0,23.8,90.2,20.9,79.1,14.2,No,No,None,Declined,Salaried Employee
APP10267,2024-11-01,2024-11,Home Equity Loan,Retired,Vancouver,13430,169.3,47.3,122.0,27.9,72.1,21.2,No,Yes,Third party data delay,Approved,Retired
APP10131,2024-11-02,2024-11,Line of Credit,Salaried Employee,Toronto Downtown,19192,81.2,36.0,45.2,44.3,55.7,10.1,No,Yes,Incomplete documentation from applicant,Declined,Salaried Employee
APP10125,2024-11-04,2024-11,Personal Loan,Salaried Employee,Vancouver,55688,112.4,63.7,48.7,56.7,43.3,14.1,No,Yes,System downtime,Approved,Salaried Employee
APP10082,2024-11-09,2024-11,Home Equity Loan,Salaried Employee,Mississauga,96434,103.5,50.7,52.8,49.0,51.0,12.9,No,No,None,Declined,Salaried Employee
APP10201,2024-11-09,2024-11,Line of Credit,Salaried Employee,Toronto Downtown,22062,140.7,61.4,79.3,43.6,56.4,17.6,No,Yes,System downtime,Declined,Salaried Employee
APP10219,2024-11-13,2024-11,Personal Loan,Self Employed,Ottawa,14687,323.7,123.5,200.2,38.2,61.8,40.5,No,Yes,System downtime,Approved,Self Employed
APP10269,2024-11-14,2024-11,Auto Loan,Contract Worker,Vancouver,29161,256.3,122.8,133.5,47.9,52.1,32.0,No,Yes,Additional verification required,Referred,Contract Worker
APP10293,2024-11-14,2024-11,Personal Loan,Salaried Employee,Ottawa,90697,71.0,30.5,40.5,43.0,57.0,8.9,No,No,None,Approved,Salaried Employee
APP10167,2024-11-16,2024-11,Home Equity Loan,Contract Worker,Ottawa,100138,132.1,79.7,52.4,60.3,39.7,16.5,No,No,None,Approved,Contract Worker
APP10298,2024-11-16,2024-11,Personal Loan,Salaried Employee,Ottawa,9134,111.7,39.2,72.5,35.1,64.9,14.0,No,No,None,Approved,Salaried Employee
APP10244,2024-11-18,2024-11,Home Equity Loan,Salaried Employee,Calgary,38366,182.2,38.5,143.7,21.1,78.9,22.8,No,Yes,Analyst queue backlog,Approved,Salaried Employee
APP10086,2024-11-19,2024-11,Auto Loan,Salaried Employee,Ottawa,38819,97.9,70.6,27.3,72.1,27.9,12.2,No,Yes,Missing income verification,Approved,Salaried Employee
APP10084,2024-11-22,2024-11,Personal Loan,Salaried Employee,Toronto Downtown,7649,102.2,50.0,52.2,48.9,51.1,12.8,No,No,None,Declined,Salaried Employee
APP10065,2024-11-23,2024-11,Auto Loan,Self Employed,Toronto Downtown,17486,172.5,118.3,54.2,68.6,31.4,21.6,No,No,None,Referred,Self Employed
APP10117,2024-11-24,2024-11,Personal Loan,Salaried Employee,Ottawa,135377,135.1,44.9,90.2,33.2,66.8,16.9,No,No,None,Approved,Salaried Employee
APP10030,2024-11-25,2024-11,Home Equity Loan,Self Employed,Ottawa,46279,228.7,73.1,155.6,32.0,68.0,28.6,No,Yes,Missing income verification,Declined,Self Employed
APP10037,2024-11-27,2024-11,Personal Loan,Salaried Employee,Toronto Downtown,18634,135.7,51.3,84.4,37.8,62.2,17.0,No,No,None,Declined,Salaried Employee
APP10079,2024-11-27,2024-11,Auto Loan,Retired,Mississauga,101410,96.8,45.6,51.2,47.1,52.9,12.1,No,No,None,Approved,Retired
APP10135,2024-11-27,2024-11,Personal Loan,Salaried Employee,Calgary,6586,105.3,77.5,27.8,73.6,26.4,13.2,No,No,None,Approved,Salaried Employee
APP10027,2024-11-28,2024-11,Home Equity Loan,Salaried Employee,Mississauga,12461,224.8,69.4,155.4,30.9,69.1,28.1,No,Yes,Additional verification required,Approved,Salaried Employee
APP10055,2024-11-28,2024-11,Personal Loan,Self Employed,Ottawa,17674,178.1,41.6,136.5,23.4,76.6,22.3,No,Yes,Analyst queue backlog,Approved,Self Employed
APP10296,2024-11-28,2024-11,Line of Credit,Contract Worker,Vancouver,108102,175.5,114.7,60.8,65.4,34.6,21.9,No,Yes,System downtime,Approved,Contract Worker
APP10053,2024-11-29,2024-11,Auto Loan,Salaried Employee,Ottawa,34461,114.9,53.6,61.3,46.6,53.4,14.4,No,No,None,Approved,Salaried Employee
APP10222,2024-12-01,2024-12,Personal Loan,Self Employed,Vancouver,22906,180.6,90.0,90.6,49.8,50.2,22.6,No,Yes,Additional verification required,Approved,Self Employed
APP10026,2024-12-03,2024-12,Home Equity Loan,Salaried Employee,Ottawa,136878,110.9,39.0,71.9,35.2,64.8,13.9,No,No,None,Declined,Salaried Employee
APP10240,2024-12-04,2024-12,Personal Loan,Salaried Employee,Mississauga,44750,148.7,52.8,95.9,35.5,64.5,18.6,No,No,None,Approved,Salaried Employee
APP10257,2024-12-06,2024-12,Personal Loan,Self Employed,Vancouver,59478,148.4,70.9,77.5,47.8,52.2,18.5,No,Yes,Additional verification required,Declined,Self Employed
APP10099,2024-12-07,2024-12,Home Equity Loan,Retired,Ottawa,29302,250.7,50.4,200.3,20.1,79.9,31.3,No,Yes,Additional verification required,Declined,Retired
APP10229,2024-12-10,2024-12,Line of Credit,Salaried Employee,Ottawa,9865,249.0,72.6,176.4,29.2,70.8,31.1,No,Yes,Third party data delay,Approved,Salaried Employee
APP10274,2024-12-11,2024-12,Auto Loan,Salaried Employee,Calgary,7222,115.9,32.1,83.8,27.7,72.3,14.5,No,No,None,Approved,Salaried Employee
APP10220,2024-12-15,2024-12,Line of Credit,Self Employed,Mississauga,74150,178.6,111.4,67.2,62.4,37.6,22.3,No,No,None,Declined,Self Employed
APP10118,2024-12-17,2024-12,Personal Loan,Salaried Employee,Calgary,113442,296.1,55.9,240.2,18.9,81.1,37.0,No,Yes,Incomplete documentation from applicant,Approved,Salaried Employee
APP10162,2024-12-18,2024-12,Personal Loan,Retired,Vancouver,39891,91.3,50.5,40.8,55.3,44.7,11.4,No,Yes,Additional verification required,Approved,Retired
APP10011,2024-12-19,2024-12,Home Equity Loan,Salaried Employee,Ottawa,88914,111.1,44.9,66.2,40.4,59.6,13.9,No,Yes,Third party data delay,Approved,Salaried Employee
APP10287,2024-12-19,2024-12,Personal Loan,Salaried Employee,Mississauga,60558,90.4,34.1,56.3,37.7,62.3,11.3,No,No,None,Declined,Salaried Employee
APP10136,2024-12-20,2024-12,Line of Credit,Salaried Employee,Ottawa,36577,144.0,66.2,77.8,46.0,54.0,18.0,No,Yes,System downtime,Approved,Salaried Employee
APP10023,2024-12-22,2024-12,Home Equity Loan,Salaried Employee,Calgary,29699,139.4,76.8,62.6,55.1,44.9,17.4,No,No,None,Approved,Salaried Employee
APP10166,2024-12-23,2024-12,Line of Credit,Salaried Employee,Mississauga,6289,131.0,32.1,98.9,24.5,75.5,16.4,No,No,None,Approved,Salaried Employee
APP10225,2024-12-23,2024-12,Home Equity Loan,Salaried Employee,Mississauga,112214,114.8,33.9,80.9,29.5,70.5,14.4,No,No,None,Approved,Salaried Employee
APP10138,2024-12-25,2024-12,Personal Loan,Self Employed,Toronto Downtown,128163,113.4,66.6,46.8,58.7,41.3,14.2,No,Yes,System downtime,Approved,Self Employed
APP10160,2024-12-25,2024-12,Personal Loan,Contract Worker,Mississauga,95680,128.7,54.0,74.7,42.0,58.0,16.1,No,No,None,Approved,Contract Worker
APP10041,2024-12-26,2024-12,Home Equity Loan,Salaried Employee,Toronto Downtown,132220,96.2,40.3,55.9,41.9,58.1,12.0,No,No,None,Approved,Salaried Employee
APP10156,2024-12-28,2024-12,Personal Loan,Salaried Employee,Calgary,116557,142.1,56.4,85.7,39.7,60.3,17.8,No,No,None,Referred,Salaried Employee
APP10186,2024-12-30,2024-12,Auto Loan,Self Employed,Calgary,6307,175.2,98.4,76.8,56.2,43.8,21.9,No,No,None,Approved,Self Employed
